{
  "current": {
    "customer_layout": "theme",
    "twittercard_handle": "@closetservice",
    "footer_contact_title": "Contact Us",
    "footer_social_title": "Follow Us",
    "twitter_link": "http://www.twitter.com/closetservice",
    "facebook_link": "http://www.facebook.com/theclosetservice",
    "instagram_link": "http://www.instagram.com/theclosetservice",
    "youtube_link": "",
    "tumblr_link": "http://theclosetservice.tumblr.com/",
    "pinterest_link": "http://www.pinterest.com/closetservice",
    "footer_newsletter_title": "Newsletter",
    "mailing_list_form_action": "http://vinsonkoo.us8.list-manage2.com/subscribe/post?u=784c1be5a5cfeeb210bd0297f&amp;id=9f86bca8dd",
    "footer_contact_text": "2152 Ralph Avenue<br>\r\nSuite 237<br>\r\nBrooklyn, NY 11234<br>\r\ninfo@theclosetservice.com",
    "ajax_cart_method": "drawer",
    "use_logo": true,
    "enable_opengraph": true,
    "enable_twittercards": true,
    "footer_display_contact": true,
    "footer_display_social": true,
    "footer_display_newsletter": true,
    "cart_notes": true,
    "ajax_cart": false,
    "slide_1_title": "",
    "slide_1_caption": "",
    "image_1_link": "",
    "image_1_alt": "",
    "slide_2_title": "",
    "slide_2_caption": "",
    "image_2_link": "",
    "image_2_alt": "",
    "slide_3_title": "",
    "slide_3_caption": "",
    "image_3_link": "",
    "image_3_alt": "",
    "slide_4_title": "",
    "slide_4_caption": "",
    "image_4_link": "",
    "image_4_alt": "",
    "slideshow_speed": "3000",
    "slideshow_transition": "slide",
    "display_slideshow": "true",
    "display_slideshow_1": "true",
    "display_slideshow_2": "true",
    "display_slideshow_3": "false",
    "display_slideshow_4": "false"
  },
  "presets": {
    "Default": {
      "use_logo": false,
      "enable_opengraph": true,
      "enable_twittercards": true,
      "customer_layout": "theme",
      "footer_display_contact": true,
      "footer_contact_title": "Contact Us",
      "footer_display_social": true,
      "footer_social_title": "Follow Us",
      "twitter_link": "http://twitter.com/shopify",
      "facebook_link": "http://facebook.com/shopify",
      "footer_display_newsletter": true,
      "footer_newsletter_title": "Newsletter",
      "cart_notes": true,
      "ajax_cart": true,
      "ajax_cart_method": "Drawer"
    }
  }
}